<?xml version="1.0" encoding="UTF-8"?>

<configuration xmlns="http://www.ken.com/schema/EJConvertor"
               xmlns:xsi="http://www.w3.org/2001/XMLSchema-instance"
               xsi:schemaLocation="http://www.ken.com/schema/EJConvertor EJConvertor.xsd">

    <entity class="com.ken.wms.domain.Supplier" sheetName="供应商信息" boldHeading="true">
        <property>
            <field>name</field>
            <value>供应商名</value>
        </property>
        <property>
            <field>personInCharge</field>
            <value>负责人</value>
        </property>
        <property>
            <field>tel</field>
            <value>联系电话</value>
        </property>
        <property>
            <field>email</field>
            <value>电子邮件</value>
        </property>
        <property>
            <field>address</field>
            <value>供应商地址</value>
        </property>
    </entity>

    <entity class="com.ken.wms.domain.Customer" sheetName="供应商信息" boldHeading="true">
        <property>
            <field>name</field>
            <value>客户名称</value>
        </property>
        <property>
            <field>personInCharge</field>
            <value>负责人</value>
        </property>
        <property>
            <field>tel</field>
            <value>联系电话</value>
        </property>
        <property>
            <field>email</field>
            <value>电子邮件</value>
        </property>
        <property>
            <field>address</field>
            <value>地址</value>
        </property>
    </entity>

    <entity class="com.ken.wms.domain.Goods" sheetName="货物信息" boldHeading="true">
        <property>
            <field>id</field>
            <value>货物ID</value>
        </property>
        <property>
            <field>name</field>
            <value>货物名称</value>
        </property>
        <property>
            <field>type</field>
            <value>货物类型</value>
        </property>
        <property>
            <field>size</field>
            <value>货物规格</value>
        </property>
        <property>
            <field>value</field>
            <value>货物价值</value>
        </property>
    </entity>

    <entity class="com.ken.wms.domain.Repository" sheetName="仓库信息" boldHeading="true">
        <property>
            <field>id</field>
            <value>仓库ID</value>
        </property>
        <property>
            <field>address</field>
            <value>仓库地址</value>
        </property>
        <property>
            <field>status</field>
            <value>仓库状态</value>
        </property>
        <property>
            <field>area</field>
            <value>仓库面积</value>
        </property>
        <property>
            <field>desc</field>
            <value>仓库描述</value>
        </property>
        <property>
            <field>adminID</field>
            <value>仓库管理员ID</value>
        </property>
        <property>
            <field>adminName</field>
            <value>仓库管理员名字</value>
        </property>
    </entity>

    <entity class="com.ken.wms.domain.RepositoryAdmin" sheetName="仓库管理员信息" boldHeading="true">
        <property>
            <field>id</field>
            <value>ID</value>
        </property>
        <property>
            <field>name</field>
            <value>姓名</value>
        </property>
        <property>
            <field>sex</field>
            <value>性别</value>
        </property>
        <property>
            <field>tel</field>
            <value>联系电话</value>
        </property>
        <property>
            <field>address</field>
            <value>联系地址</value>
        </property>
        <property>
            <field>birth</field>
            <value>出生日期</value>
        </property>
        <property>
            <field>repositoryBelongID</field>
            <value>所属仓库ID</value>
        </property>
    </entity>

    <entity class="com.ken.wms.domain.Storage" sheetName="库存信息" boldHeading="true">
        <property>
            <field>goodsID</field>
            <value>货物ID</value>
        </property>
        <property>
            <field>goodsName</field>
            <value>货物名称</value>
        </property>
        <property>
            <field>goodsSize</field>
            <value>货物规格</value>
        </property>
        <property>
            <field>goodsType</field>
            <value>货物类型</value>
        </property>
        <property>
            <field>goodsValue</field>
            <value>货物价值</value>
        </property>
        <property>
            <field>repositoryID</field>
            <value>仓库ID</value>
        </property>
        <property>
            <field>number</field>
            <value>库存数量</value>
        </property>
    </entity>
</configuration>